{
  "identity" : {
    "fullName" : [ {
      "language" : "eng",
      "value" : "ajay bio with officer pwd auth"
    }, {
      "language" : "ara",
      "value" : "ajay bio with officer pwd auth"
    } ],
    "dateOfBirth" : "1993/03/03",
    "age" : 26,
    "gender" : [ {
      "language" : "eng",
      "value" : "Male"
    }, {
      "language" : "ara",
      "value" : "الذكر"
    } ],
    "residenceStatus" : [ {
      "language" : "eng",
      "value" : "Non-Foreigner"
    }, {
      "language" : "ara",
      "value" : "غير أجنبي"
    } ],
    "addressLine1" : [ {
      "language" : "eng",
      "value" : "sr nagar"
    }, {
      "language" : "ara",
      "value" : "sr nagar"
    } ],
    "addressLine2" : [ {
      "language" : "eng",
      "value" : "sr nagar"
    }, {
      "language" : "ara",
      "value" : "sr nagar"
    } ],
    "addressLine3" : [ {
      "language" : "eng",
      "value" : "sr nagar"
    }, {
      "language" : "ara",
      "value" : "sr nagar"
    } ],
    "region" : [ {
      "language" : "eng",
      "value" : "Rabat Sale Kenitra"
    }, {
      "language" : "ara",
      "value" : "جهة الرباط سلا القنيطرة"
    } ],
    "province" : [ {
      "language" : "eng",
      "value" : "Kenitra"
    }, {
      "language" : "ara",
      "value" : "القنيطرة"
    } ],
    "city" : [ {
      "language" : "eng",
      "value" : "Kenitra"
    }, {
      "language" : "ara",
      "value" : "القنيطرة"
    } ],
    "postalCode" : "14022",
    "phone" : "9535780230",
    "email" : "sravan.kalla@mindtree.com",
    "referenceIdentityNumber" : "234978247973497234",
    "zone" : [ {
      "language" : "eng",
      "value" : "Ben Mansour"
    }, {
      "language" : "ara",
      "value" : "بن منصور"
    } ],
    "proofOfAddress" : {
      "value" : "POA_CNIE card",
      "type" : "CIN",
      "format" : "jpg"
    },
    "proofOfIdentity" : {
      "value" : "POI_CNIE card",
      "type" : "CIN",
      "format" : "jpg"
    },
    "proofOfRelationship" : {
      "value" : "POR_Passport",
      "type" : "DOC001",
      "format" : "jpg"
    },
    "individualBiometrics" : {
      "format" : "cbeff",
      "version" : 1.0,
      "value" : "applicant_bio_CBEFF"
    },
    "IDSchemaVersion" : 1.0
  }
}