[ {
  "eventId" : "REG-EVT-110",
  "eventName" : "PACKET_META_JSON_CREATED",
  "eventType" : "USER",
  "actionTimeStamp" : "2020-02-10T08:16:57.864Z",
  "hostName" : "A2MD24702",
  "hostIp" : "192.168.225.43",
  "applicationId" : "REG",
  "applicationName" : "REGISTRATION",
  "sessionUserId" : "110032",
  "sessionUserName" : "110032 110032",
  "id" : "10002100320001520200210080924",
  "idType" : "REGISTRATION_ID",
  "createdBy" : "110032 110032",
  "moduleName" : "Packet Creator",
  "moduleId" : "REG-MOD-119",
  "description" : "Packet Meta-Data JSON created successfully"
}, {
  "eventId" : "REG-EVT-109",
  "eventName" : "PACKET_HMAC_FILE_CREATED",
  "eventType" : "USER",
  "actionTimeStamp" : "2020-02-10T08:16:57.876Z",
  "hostName" : "A2MD24702",
  "hostIp" : "192.168.225.43",
  "applicationId" : "REG",
  "applicationName" : "REGISTRATION",
  "sessionUserId" : "110032",
  "sessionUserName" : "110032 110032",
  "id" : "10002100320001520200210080924",
  "idType" : "REGISTRATION_ID",
  "createdBy" : "110032 110032",
  "moduleName" : "Packet Creator",
  "moduleId" : "REG-MOD-119",
  "description" : "Packet HMAC File created successfully"
}, {
  "eventId" : "REG-EVT-110",
  "eventName" : "PACKET_META_JSON_CREATED",
  "eventType" : "USER",
  "actionTimeStamp" : "2020-02-10T08:16:57.897Z",
  "hostName" : "A2MD24702",
  "hostIp" : "192.168.225.43",
  "applicationId" : "REG",
  "applicationName" : "REGISTRATION",
  "sessionUserId" : "110032",
  "sessionUserName" : "110032 110032",
  "id" : "10002100320001520200210080924",
  "idType" : "REGISTRATION_ID",
  "createdBy" : "110032 110032",
  "moduleName" : "Packet Creator",
  "moduleId" : "REG-MOD-119",
  "description" : "Packet Meta-Data JSON created successfully"
}, {
  "eventId" : "REG-EVT-110",
  "eventName" : "PACKET_META_JSON_CREATED",
  "eventType" : "USER",
  "actionTimeStamp" : "2020-02-10T08:16:58.305Z",
  "hostName" : "A2MD24702",
  "hostIp" : "192.168.225.43",
  "applicationId" : "REG",
  "applicationName" : "REGISTRATION",
  "sessionUserId" : "110032",
  "sessionUserName" : "110032 110032",
  "id" : "10002100320001520200210080924",
  "idType" : "REGISTRATION_ID",
  "createdBy" : "110032 110032",
  "moduleName" : "Packet Creator",
  "moduleId" : "REG-MOD-119",
  "description" : "Packet Meta-Data JSON created successfully"
}, {
  "eventId" : "REG-EVT-107",
  "eventName" : "PACKET_INTERNAL_ZIP",
  "eventType" : "USER",
  "actionTimeStamp" : "2020-02-10T08:16:58.331Z",
  "hostName" : "A2MD24702",
  "hostIp" : "192.168.225.43",
  "applicationId" : "REG",
  "applicationName" : "REGISTRATION",
  "sessionUserId" : "110032",
  "sessionUserName" : "110032 110032",
  "id" : "10002100320001520200210080924",
  "idType" : "REGISTRATION_ID",
  "createdBy" : "110032 110032",
  "moduleName" : "Packet Creator",
  "moduleId" : "REG-MOD-119",
  "description" : "Packet internally zipped successfully"
}, {
  "eventId" : "REG-EVT-112",
  "eventName" : "PACKET_AES_ENCRYPTED",
  "eventType" : "USER",
  "actionTimeStamp" : "2020-02-10T08:16:59.111Z",
  "hostName" : "A2MD24702",
  "hostIp" : "192.168.225.43",
  "applicationId" : "REG",
  "applicationName" : "REGISTRATION",
  "sessionUserId" : "110032",
  "sessionUserName" : "110032 110032",
  "id" : "REGISTRATION",
  "idType" : "APPLICATION_ID",
  "createdBy" : "110032 110032",
  "moduleName" : "Packet AES Encryptor",
  "moduleId" : "REG-MOD-121",
  "description" : "Packet Encrypted Sucessfully"
}, {
  "eventId" : "REG-EVT-099",
  "eventName" : "PACKET_ENCRYPTED",
  "eventType" : "USER",
  "actionTimeStamp" : "2020-02-10T08:16:59.161Z",
  "hostName" : "A2MD24702",
  "hostIp" : "192.168.225.43",
  "applicationId" : "REG",
  "applicationName" : "REGISTRATION",
  "sessionUserId" : "110032",
  "sessionUserName" : "110032 110032",
  "id" : "10002100320001520200210080924",
  "idType" : "REGISTRATION_ID",
  "createdBy" : "110032 110032",
  "moduleName" : "Packet Encryptor",
  "moduleId" : "REG-MOD-120",
  "description" : "Packet Encrypted Sucessfully"
}, {
  "eventId" : "REG-EVT-137",
  "eventName" : "NOTIFICATION_SERVICE",
  "eventType" : "USER",
  "actionTimeStamp" : "2020-02-10T08:16:59.514Z",
  "hostName" : "A2MD24702",
  "hostIp" : "192.168.225.43",
  "applicationId" : "REG",
  "applicationName" : "REGISTRATION",
  "sessionUserId" : "110032",
  "sessionUserName" : "110032 110032",
  "id" : "110032",
  "idType" : "USER_ID",
  "createdBy" : "110032 110032",
  "moduleName" : "Notification",
  "moduleId" : "REG-MOD-137",
  "description" : "Notification request status"
}, {
  "eventId" : "REG-EVT-137",
  "eventName" : "NOTIFICATION_SERVICE",
  "eventType" : "USER",
  "actionTimeStamp" : "2020-02-10T08:16:59.862Z",
  "hostName" : "A2MD24702",
  "hostIp" : "192.168.225.43",
  "applicationId" : "REG",
  "applicationName" : "REGISTRATION",
  "sessionUserId" : "110032",
  "sessionUserName" : "110032 110032",
  "id" : "110032",
  "idType" : "USER_ID",
  "createdBy" : "110032 110032",
  "moduleName" : "Notification",
  "moduleId" : "REG-MOD-137",
  "description" : "Notification request status"
}, {
  "eventId" : "REG-EVT-137",
  "eventName" : "NOTIFICATION_SERVICE",
  "eventType" : "USER",
  "actionTimeStamp" : "2020-02-10T08:17:00.573Z",
  "hostName" : "A2MD24702",
  "hostIp" : "192.168.225.43",
  "applicationId" : "REG",
  "applicationName" : "REGISTRATION",
  "sessionUserId" : "110032",
  "sessionUserName" : "110032 110032",
  "id" : "110032",
  "idType" : "USER_ID",
  "createdBy" : "110032 110032",
  "moduleName" : "Notification",
  "moduleId" : "REG-MOD-137",
  "description" : "Notification request status"
}, {
  "eventId" : "REG-EVT-125",
  "eventName" : "PACKET_RETRIVE",
  "eventType" : "USER",
  "actionTimeStamp" : "2020-02-10T08:17:05.756Z",
  "hostName" : "A2MD24702",
  "hostIp" : "192.168.225.43",
  "applicationId" : "REG",
  "applicationName" : "REGISTRATION",
  "sessionUserId" : "110032",
  "sessionUserName" : "110032 110032",
  "id" : "110032",
  "idType" : "USER_ID",
  "createdBy" : "110032 110032",
  "moduleName" : "Packet Retrive for Approval",
  "moduleId" : "REG-MOD-131",
  "description" : "Packets which are in created state for approval are retrived"
}, {
  "eventId" : "REG-EVT-125",
  "eventName" : "PACKET_RETRIVE",
  "eventType" : "USER",
  "actionTimeStamp" : "2020-02-10T08:17:05.766Z",
  "hostName" : "A2MD24702",
  "hostIp" : "192.168.225.43",
  "applicationId" : "REG",
  "applicationName" : "REGISTRATION",
  "sessionUserId" : "110032",
  "sessionUserName" : "110032 110032",
  "id" : "110032",
  "idType" : "USER_ID",
  "createdBy" : "110032 110032",
  "moduleName" : "Packet Retrive for Approval",
  "moduleId" : "REG-MOD-131",
  "description" : "Packets which are in created state for approval are retrived"
}, {
  "eventId" : "REG-EVT-021",
  "eventName" : "NAV_HOME",
  "eventType" : "SYSTEM",
  "actionTimeStamp" : "2020-02-10T08:17:05.833Z",
  "hostName" : "A2MD24702",
  "hostIp" : "192.168.225.43",
  "applicationId" : "REG",
  "applicationName" : "REGISTRATION",
  "sessionUserId" : "110032",
  "sessionUserName" : "110032 110032",
  "id" : "110032",
  "idType" : "USER_ID",
  "createdBy" : "110032 110032",
  "moduleName" : "Navigation",
  "moduleId" : "REG-MOD-102",
  "description" : "Navigation link: Home"
}, {
  "eventId" : "REG-EVT-125",
  "eventName" : "PACKET_RETRIVE",
  "eventType" : "USER",
  "actionTimeStamp" : "2020-02-10T08:17:09.951Z",
  "hostName" : "A2MD24702",
  "hostIp" : "192.168.225.43",
  "applicationId" : "REG",
  "applicationName" : "REGISTRATION",
  "sessionUserId" : "110032",
  "sessionUserName" : "110032 110032",
  "id" : "110032",
  "idType" : "USER_ID",
  "createdBy" : "110032 110032",
  "moduleName" : "Packet Retrive for Approval",
  "moduleId" : "REG-MOD-131",
  "description" : "Packets which are in created state for approval are retrived"
}, {
  "eventId" : "REG-EVT-125",
  "eventName" : "PACKET_RETRIVE",
  "eventType" : "USER",
  "actionTimeStamp" : "2020-02-10T08:17:09.962Z",
  "hostName" : "A2MD24702",
  "hostIp" : "192.168.225.43",
  "applicationId" : "REG",
  "applicationName" : "REGISTRATION",
  "sessionUserId" : "110032",
  "sessionUserName" : "110032 110032",
  "id" : "110032",
  "idType" : "USER_ID",
  "createdBy" : "110032 110032",
  "moduleName" : "Packet Retrive for Approval",
  "moduleId" : "REG-MOD-131",
  "description" : "Packets which are in created state for approval are retrived"
}, {
  "eventId" : "REG-EVT-021",
  "eventName" : "NAV_HOME",
  "eventType" : "SYSTEM",
  "actionTimeStamp" : "2020-02-10T08:17:10.008Z",
  "hostName" : "A2MD24702",
  "hostIp" : "192.168.225.43",
  "applicationId" : "REG",
  "applicationName" : "REGISTRATION",
  "sessionUserId" : "110032",
  "sessionUserName" : "110032 110032",
  "id" : "110032",
  "idType" : "USER_ID",
  "createdBy" : "110032 110032",
  "moduleName" : "Navigation",
  "moduleId" : "REG-MOD-102",
  "description" : "Navigation link: Home"
}, {
  "eventId" : "REG-EVT-012",
  "eventName" : "NAV_APPROVE_REG",
  "eventType" : "USER",
  "actionTimeStamp" : "2020-02-10T08:17:11.377Z",
  "hostName" : "A2MD24702",
  "hostIp" : "192.168.225.43",
  "applicationId" : "REG",
  "applicationName" : "REGISTRATION",
  "sessionUserId" : "110032",
  "sessionUserName" : "110032 110032",
  "id" : "110032",
  "idType" : "USER_ID",
  "createdBy" : "110032 110032",
  "moduleName" : "Navigation",
  "moduleId" : "REG-MOD-102",
  "description" : "Navigation link: Approve Registration"
}, {
  "eventId" : "REG-EVT-125",
  "eventName" : "PACKET_RETRIVE",
  "eventType" : "USER",
  "actionTimeStamp" : "2020-02-10T08:17:11.476Z",
  "hostName" : "A2MD24702",
  "hostIp" : "192.168.225.43",
  "applicationId" : "REG",
  "applicationName" : "REGISTRATION",
  "sessionUserId" : "110032",
  "sessionUserName" : "110032 110032",
  "id" : "110032",
  "idType" : "USER_ID",
  "createdBy" : "110032 110032",
  "moduleName" : "Packet Retrive for Approval",
  "moduleId" : "REG-MOD-131",
  "description" : "Packets which are in created state for approval are retrived"
}, {
  "eventId" : "REG-EVT-125",
  "eventName" : "PACKET_RETRIVE",
  "eventType" : "USER",
  "actionTimeStamp" : "2020-02-10T08:17:11.486Z",
  "hostName" : "A2MD24702",
  "hostIp" : "192.168.225.43",
  "applicationId" : "REG",
  "applicationName" : "REGISTRATION",
  "sessionUserId" : "110032",
  "sessionUserName" : "110032 110032",
  "id" : "110032",
  "idType" : "USER_ID",
  "createdBy" : "110032 110032",
  "moduleName" : "Packet Retrive for Approval",
  "moduleId" : "REG-MOD-131",
  "description" : "Packets which are in created state for approval are retrived"
}, {
  "eventId" : "REG-EVT-114",
  "eventName" : "LOGIN_MODES_FETCH",
  "eventType" : "USER",
  "actionTimeStamp" : "2020-02-10T08:17:14.259Z",
  "hostName" : "A2MD24702",
  "hostIp" : "192.168.225.43",
  "applicationId" : "REG",
  "applicationName" : "REGISTRATION",
  "sessionUserId" : "110032",
  "sessionUserName" : "110032 110032",
  "id" : "REGISTRATION",
  "idType" : "APPLICATION_ID",
  "createdBy" : "110032 110032",
  "moduleName" : "Login Modes",
  "moduleId" : "REG-MOD-123",
  "description" : "Fetching Login Modes"
}, {
  "eventId" : "REG-EVT-114",
  "eventName" : "LOGIN_MODES_FETCH",
  "eventType" : "USER",
  "actionTimeStamp" : "2020-02-10T08:17:14.271Z",
  "hostName" : "A2MD24702",
  "hostIp" : "192.168.225.43",
  "applicationId" : "REG",
  "applicationName" : "REGISTRATION",
  "sessionUserId" : "110032",
  "sessionUserName" : "110032 110032",
  "id" : "REGISTRATION",
  "idType" : "APPLICATION_ID",
  "createdBy" : "110032 110032",
  "moduleName" : "Login Modes",
  "moduleId" : "REG-MOD-123",
  "description" : "Fetching Login Modes"
}, {
  "eventId" : "REG-EVT-114",
  "eventName" : "LOGIN_MODES_FETCH",
  "eventType" : "USER",
  "actionTimeStamp" : "2020-02-10T08:17:14.291Z",
  "hostName" : "A2MD24702",
  "hostIp" : "192.168.225.43",
  "applicationId" : "REG",
  "applicationName" : "REGISTRATION",
  "sessionUserId" : "110032",
  "sessionUserName" : "110032 110032",
  "id" : "REGISTRATION",
  "idType" : "APPLICATION_ID",
  "createdBy" : "110032 110032",
  "moduleName" : "Login Modes",
  "moduleId" : "REG-MOD-123",
  "description" : "Fetching Login Modes"
}, {
  "eventId" : "REG-EVT-067",
  "eventName" : "REG_SUPERVISOR_AUTH_PASSWORD",
  "eventType" : "USER",
  "actionTimeStamp" : "2020-02-10T08:17:22.224Z",
  "hostName" : "A2MD24702",
  "hostIp" : "192.168.225.43",
  "applicationId" : "REG",
  "applicationName" : "REGISTRATION",
  "sessionUserId" : "110032",
  "sessionUserName" : "110032 110032",
  "id" : "110032",
  "idType" : "USER_ID",
  "createdBy" : "110032 110032",
  "moduleName" : "Registration: OS Authentication",
  "moduleId" : "REG-MOD-107",
  "description" : "Supervisor authentication with password: Click of Submit"
}, {
  "eventId" : "REG-EVT-117",
  "eventName" : "FETCH_USER_DETAILS",
  "eventType" : "USER",
  "actionTimeStamp" : "2020-02-10T08:17:22.230Z",
  "hostName" : "A2MD24702",
  "hostIp" : "192.168.225.43",
  "applicationId" : "REG",
  "applicationName" : "REGISTRATION",
  "sessionUserId" : "110032",
  "sessionUserName" : "110032 110032",
  "id" : "REGISTRATION",
  "idType" : "APPLICATION_ID",
  "createdBy" : "110032 110032",
  "moduleName" : "User Detail",
  "moduleId" : "REG-MOD-126",
  "description" : "Fetching User Details"
}, {
  "eventId" : "REG-EVT-117",
  "eventName" : "FETCH_USER_DETAILS",
  "eventType" : "USER",
  "actionTimeStamp" : "2020-02-10T08:17:22.244Z",
  "hostName" : "A2MD24702",
  "hostIp" : "192.168.225.43",
  "applicationId" : "REG",
  "applicationName" : "REGISTRATION",
  "sessionUserId" : "110032",
  "sessionUserName" : "110032 110032",
  "id" : "REGISTRATION",
  "idType" : "APPLICATION_ID",
  "createdBy" : "110032 110032",
  "moduleName" : "User Detail",
  "moduleId" : "REG-MOD-126",
  "description" : "Fetching User Details"
}, {
  "eventId" : "REG-EVT-073",
  "eventName" : "REG_SUPERVISOR_AUTH_FACE",
  "eventType" : "USER",
  "actionTimeStamp" : "2020-02-10T08:18:02.689Z",
  "hostName" : "A2MD24702",
  "hostIp" : "192.168.225.43",
  "applicationId" : "REG",
  "applicationName" : "REGISTRATION",
  "sessionUserId" : "110032",
  "sessionUserName" : "110032 110032",
  "id" : "110032",
  "idType" : "USER_ID",
  "createdBy" : "110032 110032",
  "moduleName" : "Registration: OS Authentication",
  "moduleId" : "REG-MOD-107",
  "description" : "Supervisor authentication with face: Capture and submit"
}, {
  "eventId" : "REG-EVT-117",
  "eventName" : "FETCH_USER_DETAILS",
  "eventType" : "USER",
  "actionTimeStamp" : "2020-02-10T08:18:02.696Z",
  "hostName" : "A2MD24702",
  "hostIp" : "192.168.225.43",
  "applicationId" : "REG",
  "applicationName" : "REGISTRATION",
  "sessionUserId" : "110032",
  "sessionUserName" : "110032 110032",
  "id" : "REGISTRATION",
  "idType" : "APPLICATION_ID",
  "createdBy" : "110032 110032",
  "moduleName" : "User Detail",
  "moduleId" : "REG-MOD-126",
  "description" : "Fetching User Details"
}, {
  "eventId" : "REG-EVT-073",
  "eventName" : "REG_SUPERVISOR_AUTH_FACE",
  "eventType" : "USER",
  "actionTimeStamp" : "2020-02-10T08:18:17.808Z",
  "hostName" : "A2MD24702",
  "hostIp" : "192.168.225.43",
  "applicationId" : "REG",
  "applicationName" : "REGISTRATION",
  "sessionUserId" : "110032",
  "sessionUserName" : "110032 110032",
  "id" : "110032",
  "idType" : "USER_ID",
  "createdBy" : "110032 110032",
  "moduleName" : "Registration: OS Authentication",
  "moduleId" : "REG-MOD-107",
  "description" : "Supervisor authentication with face: Capture and submit"
}, {
  "eventId" : "REG-EVT-117",
  "eventName" : "FETCH_USER_DETAILS",
  "eventType" : "USER",
  "actionTimeStamp" : "2020-02-10T08:18:17.814Z",
  "hostName" : "A2MD24702",
  "hostIp" : "192.168.225.43",
  "applicationId" : "REG",
  "applicationName" : "REGISTRATION",
  "sessionUserId" : "110032",
  "sessionUserName" : "110032 110032",
  "id" : "REGISTRATION",
  "idType" : "APPLICATION_ID",
  "createdBy" : "110032 110032",
  "moduleName" : "User Detail",
  "moduleId" : "REG-MOD-126",
  "description" : "Fetching User Details"
}, {
  "eventId" : "REG-EVT-073",
  "eventName" : "REG_SUPERVISOR_AUTH_FACE",
  "eventType" : "USER",
  "actionTimeStamp" : "2020-02-10T08:18:34.584Z",
  "hostName" : "A2MD24702",
  "hostIp" : "192.168.225.43",
  "applicationId" : "REG",
  "applicationName" : "REGISTRATION",
  "sessionUserId" : "110032",
  "sessionUserName" : "110032 110032",
  "id" : "110032",
  "idType" : "USER_ID",
  "createdBy" : "110032 110032",
  "moduleName" : "Registration: OS Authentication",
  "moduleId" : "REG-MOD-107",
  "description" : "Supervisor authentication with face: Capture and submit"
}, {
  "eventId" : "REG-EVT-117",
  "eventName" : "FETCH_USER_DETAILS",
  "eventType" : "USER",
  "actionTimeStamp" : "2020-02-10T08:18:34.591Z",
  "hostName" : "A2MD24702",
  "hostIp" : "192.168.225.43",
  "applicationId" : "REG",
  "applicationName" : "REGISTRATION",
  "sessionUserId" : "110032",
  "sessionUserName" : "110032 110032",
  "id" : "REGISTRATION",
  "idType" : "APPLICATION_ID",
  "createdBy" : "110032 110032",
  "moduleName" : "User Detail",
  "moduleId" : "REG-MOD-126",
  "description" : "Fetching User Details"
}, {
  "eventId" : "REG-EVT-117",
  "eventName" : "FETCH_USER_DETAILS",
  "eventType" : "USER",
  "actionTimeStamp" : "2020-02-10T08:18:36.457Z",
  "hostName" : "A2MD24702",
  "hostIp" : "192.168.225.43",
  "applicationId" : "REG",
  "applicationName" : "REGISTRATION",
  "sessionUserId" : "110032",
  "sessionUserName" : "110032 110032",
  "id" : "REGISTRATION",
  "idType" : "APPLICATION_ID",
  "createdBy" : "110032 110032",
  "moduleName" : "User Detail",
  "moduleId" : "REG-MOD-126",
  "description" : "Fetching User Details"
}, {
  "eventId" : "REG-EVT-126",
  "eventName" : "PACKET_UPDATE",
  "eventType" : "USER",
  "actionTimeStamp" : "2020-02-10T08:18:36.469Z",
  "hostName" : "A2MD24702",
  "hostIp" : "192.168.225.43",
  "applicationId" : "REG",
  "applicationName" : "REGISTRATION",
  "sessionUserId" : "110032",
  "sessionUserName" : "110032 110032",
  "id" : "110032",
  "idType" : "USER_ID",
  "createdBy" : "110032 110032",
  "moduleName" : "Update Packet",
  "moduleId" : "REG-MOD-132",
  "description" : "Packets which are in created state are updated"
}, {
  "eventId" : "REG-EVT-125",
  "eventName" : "PACKET_RETRIVE",
  "eventType" : "USER",
  "actionTimeStamp" : "2020-02-10T08:18:38.349Z",
  "hostName" : "A2MD24702",
  "hostIp" : "192.168.225.43",
  "applicationId" : "REG",
  "applicationName" : "REGISTRATION",
  "sessionUserId" : "110032",
  "sessionUserName" : "110032 110032",
  "id" : "110032",
  "idType" : "USER_ID",
  "createdBy" : "110032 110032",
  "moduleName" : "Packet Retrive for Approval",
  "moduleId" : "REG-MOD-131",
  "description" : "Packets which are in created state for approval are retrived"
}, {
  "eventId" : "REG-EVT-125",
  "eventName" : "PACKET_RETRIVE",
  "eventType" : "USER",
  "actionTimeStamp" : "2020-02-10T08:18:38.361Z",
  "hostName" : "A2MD24702",
  "hostIp" : "192.168.225.43",
  "applicationId" : "REG",
  "applicationName" : "REGISTRATION",
  "sessionUserId" : "110032",
  "sessionUserName" : "110032 110032",
  "id" : "110032",
  "idType" : "USER_ID",
  "createdBy" : "110032 110032",
  "moduleName" : "Packet Retrive for Approval",
  "moduleId" : "REG-MOD-131",
  "description" : "Packets which are in created state for approval are retrived"
}, {
  "eventId" : "REG-EVT-093",
  "eventName" : "SYNC_PRE_REGISTRATION_PACKET",
  "eventType" : "USER",
  "actionTimeStamp" : "2020-02-10T08:18:41.788Z",
  "hostName" : "A2MD24702",
  "hostIp" : "192.168.225.43",
  "applicationId" : "REG",
  "applicationName" : "REGISTRATION",
  "sessionUserId" : "110032",
  "sessionUserName" : "110032 110032",
  "id" : "110032",
  "idType" : "USER_ID",
  "createdBy" : "110032 110032",
  "moduleName" : "Server to Client Sync",
  "moduleId" : "REG-MOD-114",
  "description" : "Sync pre-registration data"
}, {
  "eventId" : "REG-EVT-014",
  "eventName" : "NAV_UPLOAD_PACKETS",
  "eventType" : "USER",
  "actionTimeStamp" : "2020-02-10T08:18:41.801Z",
  "hostName" : "A2MD24702",
  "hostIp" : "192.168.225.43",
  "applicationId" : "REG",
  "applicationName" : "REGISTRATION",
  "sessionUserId" : "110032",
  "sessionUserName" : "110032 110032",
  "id" : "110032",
  "idType" : "USER_ID",
  "createdBy" : "110032 110032",
  "moduleName" : "Navigation",
  "moduleId" : "REG-MOD-102",
  "description" : "Navigation link: Upload Packets"
}, {
  "eventId" : "REG-EVT-079",
  "eventName" : "UPLOAD_PACKET",
  "eventType" : "SYSTEM",
  "actionTimeStamp" : "2020-02-10T08:18:44.602Z",
  "hostName" : "A2MD24702",
  "hostIp" : "192.168.225.43",
  "applicationId" : "REG",
  "applicationName" : "REGISTRATION",
  "sessionUserId" : "110032",
  "sessionUserName" : "110032 110032",
  "id" : "110032",
  "idType" : "USER_ID",
  "createdBy" : "110032 110032",
  "moduleName" : "Upload Packets",
  "moduleId" : "REG-MOD-110",
  "description" : "Upload packets"
}, {
  "eventId" : "REG-EVT-112",
  "eventName" : "PACKET_AES_ENCRYPTED",
  "eventType" : "USER",
  "actionTimeStamp" : "2020-02-10T08:18:45.281Z",
  "hostName" : "A2MD24702",
  "hostIp" : "192.168.225.43",
  "applicationId" : "REG",
  "applicationName" : "REGISTRATION",
  "sessionUserId" : "110032",
  "sessionUserName" : "110032 110032",
  "id" : "REGISTRATION",
  "idType" : "APPLICATION_ID",
  "createdBy" : "110032 110032",
  "moduleName" : "Packet AES Encryptor",
  "moduleId" : "REG-MOD-121",
  "description" : "Packet Encrypted Sucessfully"
}, {
  "eventId" : "REG-EVT-079",
  "eventName" : "UPLOAD_PACKET",
  "eventType" : "SYSTEM",
  "actionTimeStamp" : "2020-02-10T08:18:46.644Z",
  "hostName" : "A2MD24702",
  "hostIp" : "192.168.225.43",
  "applicationId" : "REG",
  "applicationName" : "REGISTRATION",
  "sessionUserId" : "110032",
  "sessionUserName" : "110032 110032",
  "id" : "110032",
  "idType" : "USER_ID",
  "createdBy" : "110032 110032",
  "moduleName" : "Upload Packets",
  "moduleId" : "REG-MOD-110",
  "description" : "Upload packets"
}, {
  "eventId" : "REG-EVT-133",
  "eventName" : "PACKET_UPLOAD",
  "eventType" : "USER",
  "actionTimeStamp" : "2020-02-10T08:18:46.669Z",
  "hostName" : "A2MD24702",
  "hostIp" : "192.168.225.43",
  "applicationId" : "REG",
  "applicationName" : "REGISTRATION",
  "sessionUserId" : "110032",
  "sessionUserName" : "110032 110032",
  "id" : "110032",
  "idType" : "packetUpload",
  "createdBy" : "110032 110032",
  "moduleName" : "Packet upload",
  "moduleId" : "REG-MOD-135",
  "description" : "Upload the local packets to the server"
}, {
  "eventId" : "REG-EVT-125",
  "eventName" : "PACKET_RETRIVE",
  "eventType" : "USER",
  "actionTimeStamp" : "2020-02-10T08:19:01.732Z",
  "hostName" : "A2MD24702",
  "hostIp" : "192.168.225.43",
  "applicationId" : "REG",
  "applicationName" : "REGISTRATION",
  "sessionUserId" : "110032",
  "sessionUserName" : "110032 110032",
  "id" : "110032",
  "idType" : "USER_ID",
  "createdBy" : "110032 110032",
  "moduleName" : "Packet Retrive for Approval",
  "moduleId" : "REG-MOD-131",
  "description" : "Packets which are in created state for approval are retrived"
}, {
  "eventId" : "REG-EVT-125",
  "eventName" : "PACKET_RETRIVE",
  "eventType" : "USER",
  "actionTimeStamp" : "2020-02-10T08:19:01.739Z",
  "hostName" : "A2MD24702",
  "hostIp" : "192.168.225.43",
  "applicationId" : "REG",
  "applicationName" : "REGISTRATION",
  "sessionUserId" : "110032",
  "sessionUserName" : "110032 110032",
  "id" : "110032",
  "idType" : "USER_ID",
  "createdBy" : "110032 110032",
  "moduleName" : "Packet Retrive for Approval",
  "moduleId" : "REG-MOD-131",
  "description" : "Packets which are in created state for approval are retrived"
}, {
  "eventId" : "REG-EVT-021",
  "eventName" : "NAV_HOME",
  "eventType" : "SYSTEM",
  "actionTimeStamp" : "2020-02-10T08:19:01.788Z",
  "hostName" : "A2MD24702",
  "hostIp" : "192.168.225.43",
  "applicationId" : "REG",
  "applicationName" : "REGISTRATION",
  "sessionUserId" : "110032",
  "sessionUserName" : "110032 110032",
  "id" : "110032",
  "idType" : "USER_ID",
  "createdBy" : "110032 110032",
  "moduleName" : "Navigation",
  "moduleId" : "REG-MOD-102",
  "description" : "Navigation link: Home"
}, {
  "eventId" : "REG-EVT-125",
  "eventName" : "PACKET_RETRIVE",
  "eventType" : "USER",
  "actionTimeStamp" : "2020-02-10T08:19:02.544Z",
  "hostName" : "A2MD24702",
  "hostIp" : "192.168.225.43",
  "applicationId" : "REG",
  "applicationName" : "REGISTRATION",
  "sessionUserId" : "110032",
  "sessionUserName" : "110032 110032",
  "id" : "110032",
  "idType" : "USER_ID",
  "createdBy" : "110032 110032",
  "moduleName" : "Packet Retrive for Approval",
  "moduleId" : "REG-MOD-131",
  "description" : "Packets which are in created state for approval are retrived"
}, {
  "eventId" : "REG-EVT-125",
  "eventName" : "PACKET_RETRIVE",
  "eventType" : "USER",
  "actionTimeStamp" : "2020-02-10T08:19:02.550Z",
  "hostName" : "A2MD24702",
  "hostIp" : "192.168.225.43",
  "applicationId" : "REG",
  "applicationName" : "REGISTRATION",
  "sessionUserId" : "110032",
  "sessionUserName" : "110032 110032",
  "id" : "110032",
  "idType" : "USER_ID",
  "createdBy" : "110032 110032",
  "moduleName" : "Packet Retrive for Approval",
  "moduleId" : "REG-MOD-131",
  "description" : "Packets which are in created state for approval are retrived"
}, {
  "eventId" : "REG-EVT-021",
  "eventName" : "NAV_HOME",
  "eventType" : "SYSTEM",
  "actionTimeStamp" : "2020-02-10T08:19:02.598Z",
  "hostName" : "A2MD24702",
  "hostIp" : "192.168.225.43",
  "applicationId" : "REG",
  "applicationName" : "REGISTRATION",
  "sessionUserId" : "110032",
  "sessionUserName" : "110032 110032",
  "id" : "110032",
  "idType" : "USER_ID",
  "createdBy" : "110032 110032",
  "moduleName" : "Navigation",
  "moduleId" : "REG-MOD-102",
  "description" : "Navigation link: Home"
}, {
  "eventId" : "REG-EVT-016",
  "eventName" : "NAV_SYNC_DATA",
  "eventType" : "USER",
  "actionTimeStamp" : "2020-02-10T08:19:02.837Z",
  "hostName" : "A2MD24702",
  "hostIp" : "192.168.225.43",
  "applicationId" : "REG",
  "applicationName" : "REGISTRATION",
  "sessionUserId" : "110032",
  "sessionUserName" : "110032 110032",
  "id" : "110032",
  "idType" : "USER_ID",
  "createdBy" : "110032 110032",
  "moduleName" : "Navigation",
  "moduleId" : "REG-MOD-102",
  "description" : "Navigation link: Sync Data"
}, {
  "eventId" : "REG-EVT-010",
  "eventName" : "NAV_NEW_REG",
  "eventType" : "USER",
  "actionTimeStamp" : "2020-02-10T08:20:11.702Z",
  "hostName" : "A2MD24702",
  "hostIp" : "192.168.225.43",
  "applicationId" : "REG",
  "applicationName" : "REGISTRATION",
  "sessionUserId" : "110032",
  "sessionUserName" : "110032 110032",
  "id" : "110032",
  "idType" : "USER_ID",
  "createdBy" : "110032 110032",
  "moduleName" : "Navigation",
  "moduleId" : "REG-MOD-102",
  "description" : "Click of navigation link: New Registration"
}, {
  "eventId" : "REG-EVT-128",
  "eventName" : "PENDING_PKT_COUNT_VALIDATION",
  "eventType" : "USER",
  "actionTimeStamp" : "2020-02-10T08:20:12.357Z",
  "hostName" : "A2MD24702",
  "hostIp" : "192.168.225.43",
  "applicationId" : "REG",
  "applicationName" : "REGISTRATION",
  "sessionUserId" : "110032",
  "sessionUserName" : "110032 110032",
  "id" : "REGISTRATION",
  "idType" : "APPLICATION_ID",
  "createdBy" : "110032 110032",
  "moduleName" : "Sync service",
  "moduleId" : "REG-MOD-133",
  "description" : "Validating the Pending packets count"
}, {
  "eventId" : "REG-EVT-129",
  "eventName" : "PENDING_PKT_DURATION_VALIDATION",
  "eventType" : "USER",
  "actionTimeStamp" : "2020-02-10T08:20:12.364Z",
  "hostName" : "A2MD24702",
  "hostIp" : "192.168.225.43",
  "applicationId" : "REG",
  "applicationName" : "REGISTRATION",
  "sessionUserId" : "110032",
  "sessionUserName" : "110032 110032",
  "id" : "REGISTRATION",
  "idType" : "APPLICATION_ID",
  "createdBy" : "110032 110032",
  "moduleName" : "Sync service",
  "moduleId" : "REG-MOD-133",
  "description" : "Validating the Pending packets Duration"
}, {
  "eventId" : "REG-EVT-122",
  "eventName" : "SYNC_JOB_INFO_FETCH",
  "eventType" : "USER",
  "actionTimeStamp" : "2020-02-10T08:20:12.422Z",
  "hostName" : "A2MD24702",
  "hostIp" : "192.168.225.43",
  "applicationId" : "REG",
  "applicationName" : "REGISTRATION",
  "sessionUserId" : "110032",
  "sessionUserName" : "110032 110032",
  "id" : "110032",
  "idType" : "USER_ID",
  "createdBy" : "110032 110032",
  "moduleName" : "Sync service",
  "moduleId" : "REG-MOD-133",
  "description" : "SyncJobInfo containing the sync control list and yet to export packet count fetched successfully"
}, {
  "eventId" : "REG-EVT-127",
  "eventName" : "SYNC_GEO_VALIDATE",
  "eventType" : "USER",
  "actionTimeStamp" : "2020-02-10T08:20:12.431Z",
  "hostName" : "A2MD24702",
  "hostIp" : "192.168.225.43",
  "applicationId" : "REG",
  "applicationName" : "REGISTRATION",
  "sessionUserId" : "110032",
  "sessionUserName" : "110032 110032",
  "id" : "REGISTRATION",
  "idType" : "APPLICATION_ID",
  "createdBy" : "110032 110032",
  "moduleName" : "Sync service",
  "moduleId" : "REG-MOD-133",
  "description" : "Validating the geo information ended successfully"
}, {
  "eventId" : "REG-EVT-123",
  "eventName" : "SYNC_INFO_VALIDATION",
  "eventType" : "USER",
  "actionTimeStamp" : "2020-02-10T08:20:12.451Z",
  "hostName" : "A2MD24702",
  "hostIp" : "192.168.225.43",
  "applicationId" : "REG",
  "applicationName" : "REGISTRATION",
  "sessionUserId" : "110032",
  "sessionUserName" : "110032 110032",
  "id" : "REGISTRATION",
  "idType" : "APPLICATION_ID",
  "createdBy" : "110032 110032",
  "moduleName" : "Sync service",
  "moduleId" : "REG-MOD-133",
  "description" : "Validating the sync status ended successfully"
}, {
  "eventId" : "REG-EVT-139",
  "eventName" : "SAVE_DETAIL_TO_DTO",
  "eventType" : "USER",
  "actionTimeStamp" : "2020-02-10T08:21:08.856Z",
  "hostName" : "A2MD24702",
  "hostIp" : "192.168.225.43",
  "applicationId" : "REG",
  "applicationName" : "REGISTRATION",
  "sessionUserId" : "110032",
  "sessionUserName" : "110032 110032",
  "id" : "110032",
  "idType" : "UserID",
  "createdBy" : "110032 110032",
  "moduleName" : "Registration initialization",
  "moduleId" : "REG-MOD-140",
  "description" : "Saving the details to DTO"
}, {
  "eventId" : "REG-EVT-025",
  "eventName" : "REG_DEMO_NEXT",
  "eventType" : "USER",
  "actionTimeStamp" : "2020-02-10T08:21:08.960Z",
  "hostName" : "A2MD24702",
  "hostIp" : "192.168.225.43",
  "applicationId" : "REG",
  "applicationName" : "REGISTRATION",
  "sessionUserId" : "110032",
  "sessionUserName" : "110032 110032",
  "id" : "110032",
  "idType" : "USER_ID",
  "createdBy" : "110032 110032",
  "moduleName" : "Registration: DemographicsDetails",
  "moduleId" : "REG-MOD-103",
  "description" : "Click of Next after capturing demographic details"
}, {
  "eventId" : "REG-EVT-026",
  "eventName" : "REG_DOC_POA_SCAN",
  "eventType" : "USER",
  "actionTimeStamp" : "2020-02-10T08:21:15.103Z",
  "hostName" : "A2MD24702",
  "hostIp" : "192.168.225.43",
  "applicationId" : "REG",
  "applicationName" : "REGISTRATION",
  "sessionUserId" : "110032",
  "sessionUserName" : "110032 110032",
  "id" : "110032",
  "idType" : "USER_ID",
  "createdBy" : "110032 110032",
  "moduleName" : "Registration: Documents",
  "moduleId" : "REG-MOD-104",
  "description" : "PoA: Click of Scan"
}, {
  "eventId" : "REG-EVT-029",
  "eventName" : "REG_DOC_POI_SCAN",
  "eventType" : "USER",
  "actionTimeStamp" : "2020-02-10T08:21:17.199Z",
  "hostName" : "A2MD24702",
  "hostIp" : "192.168.225.43",
  "applicationId" : "REG",
  "applicationName" : "REGISTRATION",
  "sessionUserId" : "110032",
  "sessionUserName" : "110032 110032",
  "id" : "110032",
  "idType" : "USER_ID",
  "createdBy" : "110032 110032",
  "moduleName" : "Registration: Documents",
  "moduleId" : "REG-MOD-104",
  "description" : "PoI: Click of Scan"
}, {
  "eventId" : "REG-EVT-032",
  "eventName" : "REG_DOC_POR_SCAN",
  "eventType" : "USER",
  "actionTimeStamp" : "2020-02-10T08:21:19.079Z",
  "hostName" : "A2MD24702",
  "hostIp" : "192.168.225.43",
  "applicationId" : "REG",
  "applicationName" : "REGISTRATION",
  "sessionUserId" : "110032",
  "sessionUserName" : "110032 110032",
  "id" : "110032",
  "idType" : "USER_ID",
  "createdBy" : "110032 110032",
  "moduleName" : "Registration: Documents",
  "moduleId" : "REG-MOD-104",
  "description" : "PoR: Click of Scan"
}, {
  "eventId" : "REG-EVT-147",
  "eventName" : "REG_DOC_POB_SCAN",
  "eventType" : "USER",
  "actionTimeStamp" : "2020-02-10T08:21:20.672Z",
  "hostName" : "A2MD24702",
  "hostIp" : "192.168.225.43",
  "applicationId" : "REG",
  "applicationName" : "REGISTRATION",
  "sessionUserId" : "110032",
  "sessionUserName" : "110032 110032",
  "id" : "110032",
  "idType" : "USER_ID",
  "createdBy" : "110032 110032",
  "moduleName" : "Registration: Documents",
  "moduleId" : "REG-MOD-104",
  "description" : "PoB: Click of Scan"
}, {
  "eventId" : "REG-EVT-038",
  "eventName" : "REG_DOC_NEXT",
  "eventType" : "USER",
  "actionTimeStamp" : "2020-02-10T08:22:16.816Z",
  "hostName" : "A2MD24702",
  "hostIp" : "192.168.225.43",
  "applicationId" : "REG",
  "applicationName" : "REGISTRATION",
  "sessionUserId" : "110032",
  "sessionUserName" : "110032 110032",
  "id" : "110032",
  "idType" : "USER_ID",
  "createdBy" : "110032 110032",
  "moduleName" : "Registration: Documents",
  "moduleId" : "REG-MOD-104",
  "description" : "Click of Next after uploading documents"
}, {
  "eventId" : "REG-EVT-043",
  "eventName" : "REG_BIO_LEFT_SLAP_SCAN",
  "eventType" : "USER",
  "actionTimeStamp" : "2020-02-10T08:22:22.079Z",
  "hostName" : "A2MD24702",
  "hostIp" : "192.168.225.43",
  "applicationId" : "REG",
  "applicationName" : "REGISTRATION",
  "sessionUserId" : "110032",
  "sessionUserName" : "110032 110032",
  "id" : "110032",
  "idType" : "USER_ID",
  "createdBy" : "110032 110032",
  "moduleName" : "Registration: Biometrics",
  "moduleId" : "REG-MOD-105",
  "description" : "Fingerprints: Scan of left slap"
}, {
  "eventId" : "REG-EVT-044",
  "eventName" : "REG_BIO_RIGHT_SLAP_SCAN",
  "eventType" : "USER",
  "actionTimeStamp" : "2020-02-10T08:22:41.775Z",
  "hostName" : "A2MD24702",
  "hostIp" : "192.168.225.43",
  "applicationId" : "REG",
  "applicationName" : "REGISTRATION",
  "sessionUserId" : "110032",
  "sessionUserName" : "110032 110032",
  "id" : "110032",
  "idType" : "USER_ID",
  "createdBy" : "110032 110032",
  "moduleName" : "Registration: Biometrics",
  "moduleId" : "REG-MOD-105",
  "description" : "Fingerprints: Scan of right slap"
}, {
  "eventId" : "REG-EVT-045",
  "eventName" : "REG_BIO_THUMBS_SCAN",
  "eventType" : "USER",
  "actionTimeStamp" : "2020-02-10T08:22:52.407Z",
  "hostName" : "A2MD24702",
  "hostIp" : "192.168.225.43",
  "applicationId" : "REG",
  "applicationName" : "REGISTRATION",
  "sessionUserId" : "110032",
  "sessionUserName" : "110032 110032",
  "id" : "110032",
  "idType" : "USER_ID",
  "createdBy" : "110032 110032",
  "moduleName" : "Registration: Biometrics",
  "moduleId" : "REG-MOD-105",
  "description" : "Fingerprints: Scan of thumbs"
}, {
  "eventId" : "REG-EVT-046",
  "eventName" : "REG_BIO_FINGERPRINT_NEXT",
  "eventType" : "USER",
  "actionTimeStamp" : "2020-02-10T08:23:34.823Z",
  "hostName" : "A2MD24702",
  "hostIp" : "192.168.225.43",
  "applicationId" : "REG",
  "applicationName" : "REGISTRATION",
  "sessionUserId" : "110032",
  "sessionUserName" : "110032 110032",
  "id" : "110032",
  "idType" : "USER_ID",
  "createdBy" : "110032 110032",
  "moduleName" : "Registration: Biometrics",
  "moduleId" : "REG-MOD-105",
  "description" : "Click of Next after capturing fingerprints"
}, {
  "eventId" : "REG-EVT-048",
  "eventName" : "REG_BIO_IRIS_SCAN",
  "eventType" : "USER",
  "actionTimeStamp" : "2020-02-10T08:23:38.126Z",
  "hostName" : "A2MD24702",
  "hostIp" : "192.168.225.43",
  "applicationId" : "REG",
  "applicationName" : "REGISTRATION",
  "sessionUserId" : "110032",
  "sessionUserName" : "110032 110032",
  "id" : "110032",
  "idType" : "USER_ID",
  "createdBy" : "110032 110032",
  "moduleName" : "Registration: Biometrics",
  "moduleId" : "REG-MOD-105",
  "description" : "Iris: Scan of left iris"
}, {
  "eventId" : "REG-EVT-049",
  "eventName" : "REG_BIO_IRIS_NEXT",
  "eventType" : "USER",
  "actionTimeStamp" : "2020-02-10T08:24:01.679Z",
  "hostName" : "A2MD24702",
  "hostIp" : "192.168.225.43",
  "applicationId" : "REG",
  "applicationName" : "REGISTRATION",
  "sessionUserId" : "110032",
  "sessionUserName" : "110032 110032",
  "id" : "110032",
  "idType" : "USER_ID",
  "createdBy" : "110032 110032",
  "moduleName" : "Registration: Biometrics",
  "moduleId" : "REG-MOD-105",
  "description" : "Click of Next after capturing irises"
}, {
  "eventId" : "REG-EVT-051",
  "eventName" : "REG_BIO_FACE_CAPTURE",
  "eventType" : "USER",
  "actionTimeStamp" : "2020-02-10T08:24:03.647Z",
  "hostName" : "A2MD24702",
  "hostIp" : "192.168.225.43",
  "applicationId" : "REG",
  "applicationName" : "REGISTRATION",
  "sessionUserId" : "110032",
  "sessionUserName" : "110032 110032",
  "id" : "110032",
  "idType" : "USER_ID",
  "createdBy" : "110032 110032",
  "moduleName" : "Registration: Biometrics",
  "moduleId" : "REG-MOD-105",
  "description" : "Photo: Face capture"
}, {
  "eventId" : "REG-EVT-052",
  "eventName" : "REG_BIO_FACE_CAPTURE_NEXT",
  "eventType" : "USER",
  "actionTimeStamp" : "2020-02-10T08:26:50.646Z",
  "hostName" : "A2MD24702",
  "hostIp" : "192.168.225.43",
  "applicationId" : "REG",
  "applicationName" : "REGISTRATION",
  "sessionUserId" : "110032",
  "sessionUserName" : "110032 110032",
  "id" : "110032",
  "idType" : "USER_ID",
  "createdBy" : "110032 110032",
  "moduleName" : "Registration: Biometrics",
  "moduleId" : "REG-MOD-105",
  "description" : "Click of Next after capturing face photo"
}, {
  "eventId" : "REG-EVT-139",
  "eventName" : "SAVE_DETAIL_TO_DTO",
  "eventType" : "USER",
  "actionTimeStamp" : "2020-02-10T08:26:51.021Z",
  "hostName" : "A2MD24702",
  "hostIp" : "192.168.225.43",
  "applicationId" : "REG",
  "applicationName" : "REGISTRATION",
  "sessionUserId" : "110032",
  "sessionUserName" : "110032 110032",
  "id" : "110032",
  "idType" : "UserID",
  "createdBy" : "110032 110032",
  "moduleName" : "Registration initialization",
  "moduleId" : "REG-MOD-140",
  "description" : "Saving the details to DTO"
}, {
  "eventId" : "REG-EVT-057",
  "eventName" : "REG_PREVIEW_SUBMIT",
  "eventType" : "USER",
  "actionTimeStamp" : "2020-02-10T08:26:58.751Z",
  "hostName" : "A2MD24702",
  "hostIp" : "192.168.225.43",
  "applicationId" : "REG",
  "applicationName" : "REGISTRATION",
  "sessionUserId" : "110032",
  "sessionUserName" : "110032 110032",
  "id" : "110032",
  "idType" : "USER_ID",
  "createdBy" : "110032 110032",
  "moduleName" : "Registration: Preview",
  "moduleId" : "REG-MOD-106",
  "description" : "Submit"
}, {
  "eventId" : "REG-EVT-114",
  "eventName" : "LOGIN_MODES_FETCH",
  "eventType" : "USER",
  "actionTimeStamp" : "2020-02-10T08:26:58.760Z",
  "hostName" : "A2MD24702",
  "hostIp" : "192.168.225.43",
  "applicationId" : "REG",
  "applicationName" : "REGISTRATION",
  "sessionUserId" : "110032",
  "sessionUserName" : "110032 110032",
  "id" : "REGISTRATION",
  "idType" : "APPLICATION_ID",
  "createdBy" : "110032 110032",
  "moduleName" : "Login Modes",
  "moduleId" : "REG-MOD-123",
  "description" : "Fetching Login Modes"
}, {
  "eventId" : "REG-EVT-114",
  "eventName" : "LOGIN_MODES_FETCH",
  "eventType" : "USER",
  "actionTimeStamp" : "2020-02-10T08:26:58.800Z",
  "hostName" : "A2MD24702",
  "hostIp" : "192.168.225.43",
  "applicationId" : "REG",
  "applicationName" : "REGISTRATION",
  "sessionUserId" : "110032",
  "sessionUserName" : "110032 110032",
  "id" : "REGISTRATION",
  "idType" : "APPLICATION_ID",
  "createdBy" : "110032 110032",
  "moduleName" : "Login Modes",
  "moduleId" : "REG-MOD-123",
  "description" : "Fetching Login Modes"
}, {
  "eventId" : "REG-EVT-114",
  "eventName" : "LOGIN_MODES_FETCH",
  "eventType" : "USER",
  "actionTimeStamp" : "2020-02-10T08:26:58.806Z",
  "hostName" : "A2MD24702",
  "hostIp" : "192.168.225.43",
  "applicationId" : "REG",
  "applicationName" : "REGISTRATION",
  "sessionUserId" : "110032",
  "sessionUserName" : "110032 110032",
  "id" : "REGISTRATION",
  "idType" : "APPLICATION_ID",
  "createdBy" : "110032 110032",
  "moduleName" : "Login Modes",
  "moduleId" : "REG-MOD-123",
  "description" : "Fetching Login Modes"
}, {
  "eventId" : "REG-EVT-058",
  "eventName" : "REG_OPERATOR_AUTH_PASSWORD",
  "eventType" : "USER",
  "actionTimeStamp" : "2020-02-10T08:27:12.022Z",
  "hostName" : "A2MD24702",
  "hostIp" : "192.168.225.43",
  "applicationId" : "REG",
  "applicationName" : "REGISTRATION",
  "sessionUserId" : "110032",
  "sessionUserName" : "110032 110032",
  "id" : "110032",
  "idType" : "USER_ID",
  "createdBy" : "110032 110032",
  "moduleName" : "Registration: OS Authentication",
  "moduleId" : "REG-MOD-107",
  "description" : "Operator authentication with password: Click of Submit"
}, {
  "eventId" : "REG-EVT-117",
  "eventName" : "FETCH_USER_DETAILS",
  "eventType" : "USER",
  "actionTimeStamp" : "2020-02-10T08:27:12.027Z",
  "hostName" : "A2MD24702",
  "hostIp" : "192.168.225.43",
  "applicationId" : "REG",
  "applicationName" : "REGISTRATION",
  "sessionUserId" : "110032",
  "sessionUserName" : "110032 110032",
  "id" : "REGISTRATION",
  "idType" : "APPLICATION_ID",
  "createdBy" : "110032 110032",
  "moduleName" : "User Detail",
  "moduleId" : "REG-MOD-126",
  "description" : "Fetching User Details"
}, {
  "eventId" : "REG-EVT-117",
  "eventName" : "FETCH_USER_DETAILS",
  "eventType" : "USER",
  "actionTimeStamp" : "2020-02-10T08:27:12.199Z",
  "hostName" : "A2MD24702",
  "hostIp" : "192.168.225.43",
  "applicationId" : "REG",
  "applicationName" : "REGISTRATION",
  "sessionUserId" : "110032",
  "sessionUserName" : "110032 110032",
  "id" : "REGISTRATION",
  "idType" : "APPLICATION_ID",
  "createdBy" : "110032 110032",
  "moduleName" : "User Detail",
  "moduleId" : "REG-MOD-126",
  "description" : "Fetching User Details"
}, {
  "eventId" : "REG-EVT-109",
  "eventName" : "PACKET_HMAC_FILE_CREATED",
  "eventType" : "USER",
  "actionTimeStamp" : "2020-02-10T08:27:12.300Z",
  "hostName" : "A2MD24702",
  "hostIp" : "192.168.225.43",
  "applicationId" : "REG",
  "applicationName" : "REGISTRATION",
  "sessionUserId" : "110032",
  "sessionUserName" : "110032 110032",
  "id" : "10002100320001620200210082011",
  "idType" : "REGISTRATION_ID",
  "createdBy" : "110032 110032",
  "moduleName" : "Packet Creator",
  "moduleId" : "REG-MOD-119",
  "description" : "Packet HMAC File created successfully"
}, {
  "eventId" : "REG-EVT-108",
  "eventName" : "PACKET_DEMO_JSON_CREATED",
  "eventType" : "USER",
  "actionTimeStamp" : "2020-02-10T08:27:12.332Z",
  "hostName" : "A2MD24702",
  "hostIp" : "192.168.225.43",
  "applicationId" : "REG",
  "applicationName" : "REGISTRATION",
  "sessionUserId" : "110032",
  "sessionUserName" : "110032 110032",
  "id" : "10002100320001620200210082011",
  "idType" : "REGISTRATION_ID",
  "createdBy" : "110032 110032",
  "moduleName" : "Packet Creator",
  "moduleId" : "REG-MOD-119",
  "description" : "Packet Demographic JSON created successfully"
} ]