{
  "identity" : {
    "biometric" : {
      "applicant" : {
        "leftEye" : {
          "numRetry" : 1,
          "forceCaptured" : false,
          "BIRIndex" : "c1d3ccc7-620c-4018-ba2b-bd474bc61643"
        },
        "rightEye" : {
          "numRetry" : 1,
          "forceCaptured" : false,
          "BIRIndex" : "6847c608-3014-4a31-810e-17a568537aad"
        },
        "leftThumb" : {
          "numRetry" : 1,
          "forceCaptured" : false,
          "BIRIndex" : "8eecefae-fbed-49f0-bcb3-b13a8d3ca239"
        },
        "rightThumb" : {
          "numRetry" : 1,
          "forceCaptured" : false,
          "BIRIndex" : "fba4f56e-297d-461b-ba81-8bfb886eced9"
        },
        "leftIndex" : {
          "numRetry" : 1,
          "forceCaptured" : false,
          "BIRIndex" : "43c84de5-8fa8-4ce7-b9ff-a4b1cd263dd1"
        },
        "leftMiddle" : {
          "numRetry" : 1,
          "forceCaptured" : false,
          "BIRIndex" : "1fc29feb-3733-45b1-8dfa-4bd89168c9e6"
        },
        "leftRing" : {
          "numRetry" : 1,
          "forceCaptured" : false,
          "BIRIndex" : "7d8edc69-f237-4c2e-a4f7-668fbafeceb8"
        },
        "leftLittle" : {
          "numRetry" : 1,
          "forceCaptured" : false,
          "BIRIndex" : "d3140f0d-43fc-4b30-ae44-d4663fdd05b0"
        },
        "rightIndex" : {
          "numRetry" : 1,
          "forceCaptured" : false,
          "BIRIndex" : "fb772301-c1bd-441e-893c-b09c3baaaf50"
        },
        "rightMiddle" : {
          "numRetry" : 1,
          "forceCaptured" : false,
          "BIRIndex" : "d8d0f1d4-b2b0-462d-9189-c48f881095c8"
        },
        "rightRing" : {
          "numRetry" : 1,
          "forceCaptured" : false,
          "BIRIndex" : "16bcec8c-82e2-4d51-a835-0bacbb09bf9a"
        },
        "rightLittle" : {
          "numRetry" : 1,
          "forceCaptured" : false,
          "BIRIndex" : "f2dc3b6d-28eb-49c2-a084-3bf756afcad6"
        }
      }
    },
    "exceptionBiometrics" : [ ],
    "applicantPhotograph" : {
      "numRetry" : 0,
      "BIRIndex" : "cd0197fc-6477-47d5-b5cb-ec1a6ade5938"
    },
    "exceptionPhotograph" : null,
    "documents" : [ ],
    "metaData" : [ {
      "label" : "Registration Client Version Number",
      "value" : "1.0.6"
    }, {
      "label" : "geoLocLatitude",
      "value" : "0.0"
    }, {
      "label" : "geoLoclongitude",
      "value" : "0.0"
    }, {
      "label" : "registrationType",
      "value" : "New"
    }, {
      "label" : "preRegistrationId",
      "value" : null
    }, {
      "label" : "registrationId",
      "value" : "10002100320001620200210082011"
    }, {
      "label" : "machineId",
      "value" : "10032"
    }, {
      "label" : "dongleId",
      "value" : "FB5962911665"
    }, {
      "label" : "macId",
      "value" : "98-EE-CB-1E-16-77"
    }, {
      "label" : "centerId",
      "value" : "10002"
    }, {
      "label" : "previousRID",
      "value" : null
    }, {
      "label" : "introducerType",
      "value" : null
    }, {
      "label" : "consentOfApplicant",
      "value" : "Yes"
    }, {
      "label" : "creationDate",
      "value" : "2020-02-10T13:57:12.693Z"
    }, {
      "label" : "authenticationBiometricFileName",
      "value" : null
    } ],
    "osiData" : [ {
      "label" : "officerId",
      "value" : "110032"
    }, {
      "label" : "officerBiometricFileName",
      "value" : null
    }, {
      "label" : "supervisorId",
      "value" : null
    }, {
      "label" : "supervisorBiometricFileName",
      "value" : null
    }, {
      "label" : "supervisorPassword",
      "value" : "false"
    }, {
      "label" : "officerPassword",
      "value" : "true"
    }, {
      "label" : "supervisorPIN",
      "value" : null
    }, {
      "label" : "officerPIN",
      "value" : null
    }, {
      "label" : "supervisorOTPAuthentication",
      "value" : "false"
    }, {
      "label" : "officerOTPAuthentication",
      "value" : "false"
    } ],
    "hashSequence1" : [ {
      "label" : "applicantBiometricSequence",
      "value" : [ "applicant_bio_CBEFF" ]
    }, {
      "label" : "introducerBiometricSequence",
      "value" : [ ]
    }, {
      "label" : "applicantDemographicSequence",
      "value" : [ "ID", "POR_Passport", "POA_CNIE card", "POE_Certification of Exception", "POI_CNIE card" ]
    } ],
    "hashSequence2" : [ {
      "label" : "otherFiles",
      "value" : [ "audit" ]
    } ],
    "capturedRegisteredDevices" : [ {
      "deviceCode" : "7b4531b2-0abc-4c78-bd11-1be7b6349f15",
      "deviceServiceVersion" : "SB.WIN.001",
      "digitalId" : {
        "serialNo" : "7b4531b2-0abc-4c78-bd11-1be7b6349f15",
        "make" : "Greenbit",
        "model" : "DactyScan84c",
        "type" : "Fingerprint",
        "dpId" : "SYNCBYTE.TCI322",
        "dp" : "SYNCBYTE",
        "subType" : "Slab",
        "dateTime" : "2020-02-10T13:57:12.693"
      }
    }, {
      "deviceCode" : "3ec6e5ba-d96e-46c8-b147-7a3fd3f089ee",
      "deviceServiceVersion" : "SB.WIN.001",
      "digitalId" : {
        "serialNo" : "3ec6e5ba-d96e-46c8-b147-7a3fd3f089ee",
        "make" : "EYECOOL",
        "model" : "TCI322",
        "type" : "Iris",
        "dpId" : "SYNCBYTE.TCI322",
        "dp" : "SYNCBYTE",
        "subType" : "Double",
        "dateTime" : "2020-02-10T13:57:12.693"
      }
    }, {
      "deviceCode" : "738c0b0b-df9b-40b6-a1a5-3465a0cf7a5c",
      "deviceServiceVersion" : "SB.WIN.001",
      "digitalId" : {
        "serialNo" : "738c0b0b-df9b-40b6-a1a5-3465a0cf7a5c",
        "make" : "Logitech",
        "model" : "6bdd1fc6-810f-11d0-bec7-08002be2092f",
        "type" : "Face",
        "dpId" : "SYNCBYTE.TCI322",
        "dp" : "SYNCBYTE",
        "subType" : "Full face",
        "dateTime" : "2020-02-10T13:57:12.693"
      }
    } ],
    "capturedNonRegisteredDevices" : null,
    "checkSum" : [ {
      "label" : "mosip-client.jar",
      "value" : "A039D7F426D86F8D5445541AC30F26C8E2ED8BDF9419F10824C097998E9A34A8"
    }, {
      "label" : "mosip-services.jar",
      "value" : "E98B48C6DDA8F4AD197333FAB19F58D158BF797B8DABB98BCBA09B85557A1F73"
    } ],
    "printingName" : null
  }
}